Артикул,Бренд,Название,Ссылка на фото
391249,Lesta,"Омивач скла, зимовий, концентрат -80°C, 1 л 391249",https://images2.exist.ua/media/images/products/2018/11/5275316_55183510.jpg
FRAISERBG25C4L,Fraiser,"Рідина омивача скла зимова, аромат BubbleGum -25°C, 4 л FRAISERBG25C4L",https://images2.exist.ua/media/images/products/2022/04/2022-18-04_16-34-09_13269803.jpg
996791,Sheron,"Рідина омивача скла, зимова, -20°C, 2 л 996791",https://images2.exist.ua/media/images/products/2020/04/7677335_55183514.jpg
990133,Sheron,"Рідина омивача скла, зимова, -22°C, 4 л 990133",https://images2.exist.ua/media/images/products/2018/11/5275361_60172676_k3dcdHg.jpg
232405,Sonax,"Омивач скла Xtreme Nanopro, зимовий -20°C, 4 л 232405",https://images2.exist.ua/media/images/products/2018/11/5275257_18875686.jpg
FRAISERK25C4L,Fraiser,"Рідина омивача скла зимова, аромат Кавун -25°C, 4 л FRAISERK25C4L",https://images2.exist.ua/media/images/products/2022/04/2022-18-04_16-34-09_13269804.jpg
8837,Liqui Moly,"Омивач скла, зимовий -80 ° C, концентрат ""Цитрус"", 1 л 8837",https://images2.exist.ua/media/images/products/2020/04/7683344_22495277.jpg
990430,Sheron,"Рідина омивача скла, літня, 4 л 990430",https://images2.exist.ua/media/images/products/2020/11/45__B31RpOo.jpg
FRAISERM25C4L,Fraiser,"Рідина омивача скла зимова, аромат Море -25°C, 4 л FRAISERM25C4L",https://images2.exist.ua/media/images/products/2022/04/2022-18-04_16-34-10_13269805.jpg
8839,Liqui Moly,"Омивач скла, зимовий -80 ° C, концентрат ""Цитрус"", 4 л 8839",https://images2.exist.ua/media/images/products/2020/03/7657993_22495289.jpg
8806,Liqui Moly,"Омивач скла, зимовий -27°C, ""Цитрус"", 4 л 8806",https://images2.exist.ua/media/images/products/2020/04/7686331_22495251.jpg
272405,Sonax,"Омивач скла Xtreme Nanopro, літній, 4 л 272405",https://images2.exist.ua/media/images/products/2020/11/45__6Fo47MX.jpg
332400,Sonax,"Омивач скла, зимовий -20°C, 4 л 332400",https://images2.exist.ua/media/images/products/2018/11/5275252_18857525.jpg
NX25125,Nowax,"Омивач скла, літній, концентрат 1:100 ""Літня свіжість"", 250 мл NX25125",https://images2.exist.ua/media/images/products/2020/12/45__Syz4oAL.jpg
NX25225,Nowax,"Омивач скла, літній, концентрат 1:100 ""Вишня"", 250 мл NX25225",https://images2.exist.ua/media/images/products/2018/12/5013902_59814981.jpg
332300,Sonax,"Омивач скла, зимовий -70°C, концентрат, 1 л 332300",https://images2.exist.ua/media/images/products/2018/11/5275290_19063339.jpg
FRAISERS25C4L,Fraiser,"Рідина омивача скла зимова, аромат SHARK -25°C, 4 л FRAISERS25C4L",https://images2.exist.ua/media/images/products/2019/11/7215766_63168507.jpg
400427,Sapfire,"Омивач скла, зимовий -22°C ""Морський бриз"" з ефектом антидощ, 3,79 л 400427",https://images2.exist.ua/media/images/products/2018/12/5277260_60174942.jpg
390747,Lesta,"Омивач скла, зимовий -20°C, 1 л 390747",https://images2.exist.ua/media/images/products/4888/55183507/3662842.jpg
4820095201566,Akvilon,"Омивач скла, зимовий, концентрат -80°C, 1 л 4820095201566",https://images2.exist.ua/media/images/products/2020/11/45__nvJJWKl.jpg
AD0122,Auto Drive,"Омивач скла, зимовий -22 ° C, ""Lime"", 4 л AD0122",https://images2.exist.ua/media/images/products/2018/10/5012144_59812624_lmDmVrY.jpg
386141,Sonax,"Омивач скла ""Green Lemon"", літній, концентрат 1:100, 0,25 л 386141",https://images2.exist.ua/media/images/products/2020/04/7718885_59109637.jpg
36002,Liqui Moly,"Омивач скла, літній ""Цитрус"", 4 л 36002",https://images2.exist.ua/media/images/products/2019/03/5440035_61651630_EewYEqs.jpg
48021143817,DK,"Омивач скла, літній, аромат Вишня, 5 л 48021143817",https://images2.exist.ua/media/images/products/2021/03/45__06azN2T.jpg
G052164M2,VAG,"Омивач скла, зимовий -70 °С, концентрат, 1 л G052164M2",https://images2.exist.ua/media/images/products/2020/12/45__uhb6P99.jpg
48021143818,DK,"Омивач скла, літній, аромат Морський бриз, 5 л 48021143818",https://images2.exist.ua/media/images/products/2021/03/45__PEJN6cZ.jpg
AD0123,Auto Drive,"Омивач скла, зимовий -22 ° C, ""Sport"", 4 л AD0123",https://images2.exist.ua/media/images/products/2020/03/7667125_59812623.jpg
372141,Sonax,"Омивач скла, літній, концентрат 1:100, аромат яблуко, 0,25 л 372141",https://images2.exist.ua/media/images/products/2020/04/7718880_19063321.jpg
48021143819,DK,"Омивач скла, літній, аромат Кавун, 5 л 48021143819",https://images2.exist.ua/media/images/products/2021/03/45__ZLV4m2I.jpg
W45201,Wynn's,"Омивач скла, літній, концентрат 1:20, 250 мл W45201",https://images2.exist.ua/media/images/products/2022/06/2022-07-06_12-30-01_4058665.jpg
36001,Liqui Moly,"Омивач скла, літній, концентрат 1:3, ""Яблуко"", 1 л 36001",https://images2.exist.ua/media/images/products/2019/03/5440036_61651631_gogkBG2.jpg
NASW803,StarLine,"Омивач скла, зимовий -80°C, 3 л NASW803",https://images2.exist.ua/media/images/products/2020/10/45__7N4rC2g.jpg
G055184A1,VAG,"Омивач скла, літній, концентрат 1:100, 250 мл G055184A1",https://images2.exist.ua/media/images/products/2021/09/2021-01-09_16-30-38_9192918.jpg
0892333,Wurth,"Омивач скла, літній ""Персик"", концентрат 1:100, 0,032 л 0892333",https://images2.exist.ua/media/images/products/4341/41383033/4943383.jpg
W4047,Turtle wax,"Омивач скла, зимовий -20°C, 4 л W4047",https://images2.exist.ua/media/images/products/2018/09/4980512_57076380.jpg
AD0124,Auto Drive,"Омивач скла, зимовий -22 ° C, ""Bubble Gum"", 4 л AD0124",https://images2.exist.ua/media/images/products/2018/11/5010149_59812622.jpg
G052184A2,VAG,"Омивач скла, літній, концентрат 1:10, 1 л G052184A2",https://images2.exist.ua/media/images/products/2020/06/7800620_541567.jpg
5901060012284,Shell,"Омивач скла, літній, 2 л 5901060012284",https://images2.exist.ua/media/images/products/3956/59463141/4667581.jpg
2385,Liqui Moly,"Рідина омивача літня, суперконцентрат ""Лайм"", 250 мл 2385",https://images2.exist.ua/media/images/products/2019/04/4022341_22495349.jpg
373141,Sonax,"Омивач скла ""Lemon Fresh"", літній, концентрат 1:100, 0,25 л 373141",https://images2.exist.ua/media/images/products/2020/04/7718918_19063333.jpg
5901060010105,Shell,"Омивач скла, зимовий -21°C, 4 л 5901060010105",https://images2.exist.ua/media/images/products/2019/06/6786399_41357869_XQiFT7u.jpg
AS11E,Shell,"Омивач скла, зимовий, концентрат, 1 л AS11E",https://images2.exist.ua/media/images/products/2018/09/4980338_18879034.jpg
271141,Sonax,"Омивач скла Xtreme, літній, концентрат 1:100, 0,25 л 271141",https://images2.exist.ua/media/images/products/2018/11/5275280_19018838.jpg
KR335,Kerry,"Омивач скла, літній, концентрат, 0,355 л KR335",https://images2.exist.ua/media/images/products/2021/05/2021-27-05_11-00-59_8805387.jpg
34796,Kroon oil,"Омивач скла, літній, концентрат 1:20, 1 л 34796",https://images2.exist.ua/media/images/products/2022/06/2022-01-06_19-00-18_4980335.jpg
48021110408,AXXIS,"Омивач скла, зимовий -22°C ""Bubble Gum"", 4 л 48021110408",https://images2.exist.ua/media/images/products/2021/11/2021-30-11_09-30-34_9505892.jpg
400335,Sapfire,"Омивач скла, зимовий -12°C ""Морський бриз"", 4,5 л 400335",https://images2.exist.ua/media/images/products/2018/12/5277257_60174939.jpg
W45202,Wynn's,"Омивач скла, літній, концентрат 1:20, 1 л W45202",https://images2.exist.ua/media/images/products/2022/06/2022-07-06_12-30-01_4058666.jpg
48021110411,AXXIS,"Омивач скла, зимовий -22°C ""Цитрус"", 4 л 48021110411",https://images2.exist.ua/media/images/products/2021/11/2021-30-11_09-30-33_9505890.jpg
48391093980,AXXIS,"Омивач скла, літній, аромат Карамель, 4 л 48391093980",https://images2.exist.ua/media/images/products/2021/03/45__9wH8fpP.jpg
48391094315,AXXIS,"Омивач скла, літній, аромат Лісові ягоди, 4 л 48391094315",https://images2.exist.ua/media/images/products/2021/03/45__K8MioM8.jpg
48021110407,AXXIS,"Омивач скла, зимовий -22°C ""Black Ice"", 4 л 48021110407",https://images2.exist.ua/media/images/products/2021/11/2021-30-11_09-30-34_9505891.jpg
260405,Sonax,"Омивач скла, літній, лимон, 4 л 260405",https://images2.exist.ua/media/images/products/2020/05/7760336_59569965.jpg
HG5648,Hi-Gear,"Омивач скла, зимовий, концентрат -50°C, 1 л HG5648",https://images2.exist.ua/media/images/products/2021/10/2021-21-10_16-36-20_9375815.jpg
83122298203,BMW,"Омивач скла, літній, концентрат, 50 мл 83122298203",https://images2.exist.ua/media/images/products/2022/06/2022-01-06_14-00-17_6971385.jpg
5901060010112,Shell,"Омивач скла, зимовий -20°C, 2 л 5901060010112",https://images2.exist.ua/media/images/products/2019/09/7119870_41359774_gpGTcNm.jpg
4823075804450,Helpix,"Омивач скла, літній 1°С ""Bubble Gum"", концентрат 1:66, 100 мл 4823075804450",https://images2.exist.ua/media/images/products/2022/06/2022-08-06_14-30-14_13321176.jpg
48391093979,AXXIS,"Омивач скла, літній, аромат Квітковий, 4 л 48391093979",https://images2.exist.ua/media/images/products/2021/03/45__7mFRsu0.jpg
W77395,Wynn's,"Омивач скла, зимовий -70°C, концентрат, 1 л W77395",https://images2.exist.ua/media/images/products/4342/19369226/4058667.jpg
400359,Sapfire,"Омивач скла, зимовий -20°C ""Морський бриз"", 4,5 л 400359",https://images2.exist.ua/media/images/products/2018/12/5277259_60174941.jpg
5901060011560,Shell,"Омивач скла, літній, 4 л 5901060011560",https://images2.exist.ua/media/images/products/2022/05/2022-10-05_16-30-15_13294489.jpg
2380,Liqui Moly,"Рідина омивача літня, суперконцентрат ""Яблуко"", 250 мл 2380",https://images2.exist.ua/media/images/products/2021/03/2021-31-03_01-16-17_8643337.jpg
48021143820,DK,"Омивач скла, літній, аромат Вишня, 3 л 48021143820",https://images2.exist.ua/media/images/products/2021/03/45__hJOjB3N.jpg
KS92090040,Nissan,"Омивач скла, зимовий -30°С, 5 л KS92090040",https://images2.exist.ua/media/images/products/2022/05/2022-27-05_17-30-10_13314629.jpg
48021035226,AXXIS,"Омивач скла, зимовий -22°C ""Диня"", 4 л 48021035226",https://images2.exist.ua/media/images/products/2021/10/2021-28-10_18-30-33_9402229.jpg
48021031071,AXXIS,"Омивач скла, зимовий -22°C ""Цитрус"", 4 л 48021031071",https://images2.exist.ua/media/images/products/2021/10/2021-28-10_18-30-32_9402225.jpg
2379,Liqui Moly,"Рідина омивача літня, суперконцентрат ""Персик"", 250 мл 2379",https://images2.exist.ua/media/images/products/3377/22495300/4022338.jpg
2168316,Ford,"Омивач скла, зимовий -20°C, 5 л 2168316",https://images2.exist.ua/media/images/products/2022/06/2022-01-06_15-30-11_5203388.jpg
OBZOR1,StarLine,"Омивач скла, літній ""Bubble Gum"", 1 л OBZOR1",https://images2.exist.ua/media/images/products/4042/15310335/3905134.jpg
48021110410,AXXIS,"Омивач скла, зимовий -22°C ""Watermelon"", 4 л 48021110410",https://images2.exist.ua/media/images/products/2021/11/2021-30-11_09-30-35_9505894.jpg
T4043,Turtle wax,"Омивач скла, зимовий -80°C, концентрат, 1 л T4043",https://images2.exist.ua/media/images/products/2019/06/6869687_62746220_fc6w0Ud.jpg
QT00014,QT-oil,"Рідина омивача літня, антимошка, Bubble Gum, 4 л QT00014",https://images2.exist.ua/media/images/products/2021/06/2021-08-06_12-30-33_8808855.jpg
83120410745,BMW,"Омивач скла, зимовий, 0,5 л 83120410745",https://images2.exist.ua/media/images/products/2022/05/2022-26-05_17-00-09_4956329.jpg
48021110409,AXXIS,"Омивач скла, зимовий -22°C ""Forest"", 4 л 48021110409",https://images2.exist.ua/media/images/products/2021/11/2021-30-11_09-30-35_9505893.jpg
83122288904,BMW,"Омивач скла, літній, концентрат 1:10, 1 л 83122288904",https://images2.exist.ua/media/images/products/2022/05/2022-26-05_17-30-06_4943382.jpg
4823075804443,Helpix,"Омивач скла, літній 1°С ""Диня"", концентрат 1:66, 100 мл 4823075804443",https://images2.exist.ua/media/images/products/2022/06/2022-08-06_14-30-12_13321169.jpg
83122298202,BMW,"Засіб для очищення скла (у таблетках), 6 шт. 83122298202",https://images2.exist.ua/media/images/products/2022/07/2022-15-07_12-46-11_13455498.jpg
387141,Sonax,"Омивач скла ""Tropical Sun"", літній, концентрат 1:100, помаранчевий, 0,25 л 387141",https://images2.exist.ua/media/images/products/2018/11/5275299_59570529.jpg
5905807001371,Organika,"Омивач скла, зимовий Adixol A-21°C, 1 л 5905807001371",https://images2.exist.ua/media/images/products/2019/03/4693396_41397410_Z941huS.jpg
7711238965,Renault,"Омивач скла, літній -4°С, 2 л 7711238965",https://images2.exist.ua/media/images/products/2019/03/5368230_19035449.jpg
48021031073,AXXIS,"Омивач скла, зимовий -22°C ""Фруктовий"", 4 л 48021031073",https://images2.exist.ua/media/images/products/2021/10/2021-28-10_18-30-32_9402227.jpg
W45101,Wynn's,"Омивач скла, зимовий -70°C, концентрат, 250 мл W45101",https://images2.exist.ua/media/images/products/4342/19369243/4058664.jpg
400328,Sapfire,"Омивач скла, зимовий -12°C, 3 л 400328",https://images2.exist.ua/media/images/products/2018/12/5277256_60174938.jpg
SCREENWASH805L,AD,"Омивач скла, зимовий -80°C, 5 л SCREENWASH805L",https://images2.exist.ua/media/images/products/2022/05/2022-26-05_18-30-07_13314048.jpg
996358,Sapfire,"Омивач скла, зимовий -12°C ""Морський бриз"", 3 л 996358",https://images2.exist.ua/media/images/products/2018/12/5323409_60172673.jpg
7711238966,Renault,"Омивач скла, літній -4°С, 5 л 7711238966",https://images2.exist.ua/media/images/products/2022/05/2022-27-05_19-00-13_13314698.jpg
45201,Wynn's,"Омивач скла, літній, концентрат 1:20, 250 мл 45201",https://images2.exist.ua/media/images/products/2019/12/7327480_19612407_9hj2drZ.jpg
4036021950228,Mannol,"Омивач скла, літній, концентрат 1:100, 250 мл 4036021950228",https://images2.exist.ua/media/images/products/2018/09/4980337_41343619.jpg
4820095200149,Akvilon,"Омивач скла, літній, 4 л 4820095200149",https://images2.exist.ua/media/images/products/2022/07/2022-01-07_10-30-34_13346703.jpg
QT00015,QT-oil,"Рідина омивача літня, антимошка, Bubble Gum, 5 л QT00015",https://images2.exist.ua/media/images/products/2021/06/2021-08-06_12-30-32_8808853.jpg
5901060010013,Shell,"Омивач скла, зимовий, концентрат, 1 л 5901060010013",https://images2.exist.ua/media/images/products/2018/09/4980510_19062381.jpg
83122452028,BMW,"Омивач скла, літній, концентрат, 1 л 83122452028",https://images2.exist.ua/media/images/products/2022/07/2022-15-07_17-30-20_13455532.jpg
00A096320020,VAG,"Омивач скла, зимовий, 1 л 00A096320020",https://images2.exist.ua/media/images/products/2018/11/5284608_1824323_s3G61KO.jpg
5901060010020,Shell,"Омивач скла, зимовий, концентрат, 4 л 5901060010020",https://images2.exist.ua/media/images/products/2019/09/7119905_62747080_ZqKdUex.jpg
4823075802852,Helpix,"Омивач скла, літній ""Морська свіжість"", концентрат 1:66, 100 мл 4823075802852",https://images2.exist.ua/media/images/products/2022/06/2022-09-06_17-30-08_9530395.jpg
XB50003,Xado,"Омивач скла, зимовий -120 ° С, суперконцентрат фруктовий, 1 л XB50003",https://images2.exist.ua/media/images/products/2022/05/2022-30-05_19-00-20_13314885.jpg
7711238977,Renault,"Омивач скла, зимовий -72°C, 1 л 7711238977",https://images2.exist.ua/media/images/products/2022/05/2022-27-05_18-30-28_13314693.jpg
SCREENWASH801L,AD,"Омивач скла, зимовий -80°C, 1 л SCREENWASH801L",https://images2.exist.ua/media/images/products/2022/05/2022-26-05_18-30-06_13314047.jpg
332505,Sonax,"Омивач скла, зимовий, -70 ° C, 5 л 332505",https://images2.exist.ua/media/images/products/2019/03/5275253_18857533.jpg
4820095200125,Akvilon,"Омивач скла, літній, 1,5 л 4820095200125",https://images2.exist.ua/media/images/products/2022/05/2022-31-05_11-00-22_13314970.jpg
TVZ000001,VAG,"Очищувач скла, зимовий -50°C, концентрат, 1 л TVZ000001",https://images2.exist.ua/media/images/products/2022/06/2022-29-06_15-30-12_13345416.jpg
501001,Solgy,"Омивач скла, зимовий -12°С, 4 л 501001",https://images2.exist.ua/media/images/products/2021/10/2021-11-10_20-38-27_9339891.jpg
XB50106,Xado,"Омивач скла, літній, концентрат, 1 л XB50106",https://images2.exist.ua/media/images/products/2018/09/4980340_19111682.jpg
W4050,Turtle wax,"Омивач скла, зимовий -12°C, 4 л W4050",https://images2.exist.ua/media/images/products/2020/11/45__6QOCuB1.jpg
83125A1A167,BMW,"Очищувач скла, зимовий -55°С, концентрат, 5 л 83125A1A167",https://images2.exist.ua/media/images/products/2022/07/2022-14-07_11-00-16_13357056.jpg
501002,Solgy,Рідина омивача скла 501002,https://images2.exist.ua/media/images/products/2022/03/2022-28-03_11-00-27_9339893.jpg
W4049,Turtle wax,"Омыватель стекла зимний -24°C ""Рідке полум'я"", 4 л W4049",https://images2.exist.ua/media/images/products/2021/11/2021-16-11_15-01-16_9454297.jpg
SSWACC20519A,Mazda,"Омивач скла, літній, концентрат, 50 мл SSWACC20519A",https://images2.exist.ua/media/images/products/2022/05/2022-27-05_16-30-17_13314606.jpg
388405,Sonax,"Омивач скла, літній ""Океанська свіжість"", 4 л 388405",https://images2.exist.ua/media/images/products/2021/03/45__pKFp33T.jpg
388141,Sonax,"Омивач скла, літній ""Океанська свіжість"", концентрат 1:100, 250 мл 388141",https://images2.exist.ua/media/images/products/2019/11/7244254_63217513.jpg
NASWL5PET,StarLine,"Омивач скла, літній, 5 л NASWL5PET",https://images2.exist.ua/media/images/products/2022/06/2022-08-06_11-00-19_8867390.jpg
A000986200009,Mercedes,"Омивач скла, літній, 40 мл A000986200009",https://images2.exist.ua/media/images/products/2022/06/2022-02-06_13-30-14_7904488.jpg
000096311L,VAG,"Омивач скла, зимовий -25°C, 3 л 000096311L",https://images2.exist.ua/media/images/products/2022/06/2022-22-06_16-30-57_13336110.jpg
83122452029,BMW,"Омивач скла, літній, 250 мл 83122452029",https://images2.exist.ua/media/images/products/2022/07/2022-15-07_19-00-12_13455922.jpg
20096006,AND,"Омивач скла ""Диня""-22°C, 1 л 20096006",https://images2.exist.ua/media/images/products/2022/06/2022-01-06_11-00-17_3887754.jpg
83125A1A171,BMW,"Омивач скла, зимовий -63 ° C, концентрат, 500 мл 83125A1A171",https://images2.exist.ua/media/images/products/2021/11/2021-30-11_12-31-24_9505936.jpg
K525,K2,"Омивач скла, літній ""Лимон"", 5 л K525",https://images2.exist.ua/media/images/products/2022/06/2022-01-06_15-30-11_8447415.jpg
XB50014,Xado,"Омивач скла, літній, 5 л XB50014",https://images2.exist.ua/media/images/products/2022/05/2022-31-05_11-00-22_13314969.jpg
5022,Mannol,"Омивач скла, літній, концентрат 1:100 цитрусовий, 250 мл 5022",https://images2.exist.ua/media/images/products/2019/10/7145526_63111270_3ZCwsAX.jpg
0880880016,Toyota,"Омивач скла, зимовий -10°C, 100 мл 0880880016",https://images2.exist.ua/media/images/products/2021/01/45__rsmlCzN.jpg
7711238973,Renault,"Омивач скла, зимовий -20°С, 1 л 7711238973",https://images2.exist.ua/media/images/products/2022/05/2022-27-05_18-30-29_13314697.jpg
XB50006,Xado,"Омивач скла, літній, концентрат, 250 мл XB50006",https://images2.exist.ua/media/images/products/2022/02/2022-10-02_02-36-11_13136372.jpg
1517,Liqui Moly,"Омивач скла, літній, концентрат ""Цитрус"", 50 мл 1517",https://images2.exist.ua/media/images/products/2022/02/2022-13-02_13-48-09_13238238.jpg
NASW801,StarLine,"Омивач скла, зимовий -80°С, концентрат, 1 л NASW801",https://images2.exist.ua/media/images/products/4042/56849559/3904832.jpg
45202,Wynn's,"Омивач скла, літній, концентрат 1:20, 1 л 45202",https://images2.exist.ua/media/images/products/2022/06/2022-08-06_11-30-15_13314881.jpg
31301249,Volvo,"Омивач скла, зимовий -28°С, концентрат, 1 л 31301249",https://images2.exist.ua/media/images/products/2022/05/2022-30-05_18-30-16_13314877.jpg
332541,Sonax,"Омивач скла, зимовий -20°C, 2 л 332541",https://images2.exist.ua/media/images/products/2018/09/4980054_19063306.jpg
NASWL1PET,StarLine,"Омивач скла, літній, 1 л NASWL1PET",https://images2.exist.ua/media/images/products/2022/05/2022-30-05_12-30-38_13314748.jpg
4823075800667,Helpix,"Омивач скла, літній ""Лимон"", 4 л 4823075800667",https://images2.exist.ua/media/images/products/2022/06/2022-08-06_14-30-12_13321170.jpg
20096008,AND,"Омивач скла, літній ""Яблуко"", 2 л 20096008",https://images2.exist.ua/media/images/products/2022/06/2022-01-06_11-30-10_3887756.jpg
5905694000051,Moje Auto,"Засіб для очищувача вітрового скла, концентрат, 250 мл, Ліс 5905694000051",https://images2.exist.ua/media/images/products/2022/03/2022-10-03_12-03-53_13244020.jpg
4823075804481,Helpix,"Омивач скла, всесезонний -5°С ""My Car"", 4 л 4823075804481",https://images2.exist.ua/media/images/products/2022/06/2022-08-06_14-30-13_13321174.jpg
TVZ000001NA,VAG,"Омивач скла, зимовий -50 °С, концентрат, 1 л TVZ000001NA",https://images2.exist.ua/media/images/products/2022/05/2022-30-05_18-30-16_13314876.jpg
G060164M2,VAG,"Омивач скла, зимовий -21 °С ""Cool & Fresh"", 1 л G060164M2",https://images2.exist.ua/media/images/products/2022/05/2022-30-05_18-00-14_13314874.jpg
48021031074,AXXIS,"Омивач скла, зимовий -22°С ""Citrus Green"", 4 л 48021031074",https://images2.exist.ua/media/images/products/2022/06/2022-08-06_19-00-17_13321190.jpg
HBA096036,VAG,"Омивач скла, літній, 1 л HBA096036",https://images2.exist.ua/media/images/products/2022/06/2022-06-06_19-00-15_5316544.jpg
NASWLK250,StarLine,"Омивач скла, літній, концентрат 1:100, ""Цитрус"", 250 мл NASWLK250",https://images2.exist.ua/media/images/products/2022/06/2022-08-06_11-00-19_8867391.jpg
NASW304,StarLine,"Омивач скла, зимовий -30°C, 4 л NASW304",https://images2.exist.ua/media/images/products/2022/05/2022-30-05_12-30-39_13314751.jpg
NASW203PET,StarLine,"Омивач скла, зимовий -20°C, 3 л NASW203PET",https://images2.exist.ua/media/images/products/2022/06/2022-08-06_11-00-16_8867378.jpg
NASW203,StarLine,"Омивач скла, зимовий -20°C, 3 л NASW203",https://images2.exist.ua/media/images/products/2021/06/2021-12-06_15-01-33_8867377.jpg
8671013681,Renault,"Омивач скла, зимовий -20°C, 5 л 8671013681",https://images2.exist.ua/media/images/products/2022/05/2022-30-05_11-30-18_13314738.jpg
A001986807118,Mercedes,"Омивач скла, літній, концентрат, 250 мл A001986807118",https://images2.exist.ua/media/images/products/2022/05/2022-27-05_16-30-19_13314613.jpg
QT00011,QT-oil,"Рідина омивача літня, антимошка, Bubble Gum, 1 л QT00011",https://images2.exist.ua/media/images/products/2021/06/2021-08-06_12-30-33_8808854.jpg
HELPIX22CLEMON2L,Helpix,"Омивач скла, зимовий -22°С ""Лимон"", 2 л HELPIX22CLEMON2L",https://images2.exist.ua/media/images/products/2022/06/2022-08-06_14-30-13_13321173.jpg
NASWL1,StarLine,"Омивач скла, літній, 1 л NASWL1",https://images2.exist.ua/media/images/products/2022/05/2022-30-05_12-30-35_13314742.jpg
NASWLN1,StarLine,"Омивач скла, літній, 1 л NASWLN1",https://images2.exist.ua/media/images/products/2022/06/2022-08-06_11-00-20_8867392.jpg
20096002,AND,"Омивач скла, літній ""Вишня"", 2 л 20096002",https://images2.exist.ua/media/images/products/2022/06/2022-01-06_11-00-16_3887747.jpg
5905694007470,Moje Auto,"Засіб для очищувача вітрового скла, концентрат, 250 мл, Лимон 5905694007470",https://images2.exist.ua/media/images/products/2022/03/2022-10-03_12-03-53_13244021.jpg
5905694007487,Moje Auto,"Засіб для очищувача лобового скла, концентрат, 250 мл, Апельсин 5905694007487",https://images2.exist.ua/media/images/products/2022/03/2022-10-03_12-03-53_13244022.jpg
5905694007494,Moje Auto,"Засіб для очищувача вітрового скла, концентрат, 250 мл, Яблуко 5905694007494",https://images2.exist.ua/media/images/products/2022/03/2022-10-03_12-03-53_13244023.jpg
501003,Solgy,Рідина омивача скла 501003,https://images2.exist.ua/media/images/products/2022/03/2022-28-03_11-00-27_9339896.jpg
4823075804498,Helpix,"Омивач скла, всесезонний -5°С ""Black Berry"", 4 л 4823075804498",https://images2.exist.ua/media/images/products/2022/06/2022-08-06_14-30-14_13321175.jpg
5905694017417,Moje Auto,"Зимовий скло очищувач рідини, концентрат, 1 л, -80С 5905694017417",https://images2.exist.ua/media/images/products/2022/03/2022-10-03_12-03-44_13244076.jpg
NASWN201,StarLine,"Омивач скла, зимовий -20°C, 1 л NASWN201",https://images2.exist.ua/media/images/products/2022/06/2022-08-06_11-00-21_8867394.jpg
99004,Zilbermann,"Омивач скла, літній ""Bubble Gum"", 4 л 99004",https://images2.exist.ua/media/images/products/2022/06/2022-07-06_14-30-15_7959825.jpg
99005,Zilbermann,"Омивач скла, літній ""Морська свіжість"", 4 л 99005",https://images2.exist.ua/media/images/products/2022/06/2022-07-06_15-00-19_7959826.jpg
NASW201PET,StarLine,"Омивач скла, зимовий -20°C, 1 л NASW201PET",https://images2.exist.ua/media/images/products/2022/06/2022-08-06_11-00-16_8867376.jpg
99KPSZ05A,POLCAR,Омивач скла 99KPSZ05A,
NASW201,StarLine,"Омивач скла, зимовий -20°C, 1 л NASW201",https://images2.exist.ua/media/images/products/2022/06/2022-08-06_11-00-15_8867375.jpg
5024,Mannol,"Омивач скла, зимовий -70°C, концентрат цитрусовий, 1 л 5024",https://images2.exist.ua/media/images/products/2019/10/7145527_63111271_fnbo6KX.jpg
 , , , 
 , , , 
 , , , 
 , , , 
 , , , 
 , , , 
 , , , 
 , , , 
 , , , 
 , , , 
 , , , 
 , , , 
 , , , 
 , , , 
 , , , 
 , , , 
 , , , 
 , , , 
 , , , 
 , , , 
 , , , 
 , , , 
 , , , 
 , , , 
 , , , 
 , , , 
 , , , 
 , , , 
 , , , 
 , , , 
 , , , 
 , , , 
 , , , 
 , , , 
 , , , 
 , , , 
 , , , 
 , , , 
 , , , 
 , , , 
 , , , 
 , , , 
 , , , 
 , , , 
 , , , 
 , , , 
 , , , 
 , , , 
 , , , 
 , , , 
 , , , 
 , , , 
 , , , 
 , , , 
 , , , 
 , , , 
 , , , 
 , , , 
 , , , 
 , , , 
 , , , 
 , , , 
 , , , 
 , , , 
 , , , 
 , , , 
 , , , 
 , , , 
 , , , 
 , , , 
 , , , 
 , , , 
 , , , 
 , , , 
 , , , 
 , , , 
 , , , 
 , , , 
17776,Glint,"Рідина для омивача скла, зимова -20°C, аромат зелене яблуко, 5 л 17776",https://images2.exist.ua/media/images/products/2019/09/7123805_63035783.jpg
 , , , 
 , , , 
 , , , 
 , , , 
 , , , 
 , , , 
 , , , 
 , , , 
 , , , 
 , , , 
 , , , 
 , , , 
5905807001395,Organika,"Омивач скла, зимовий Adixol A-21°C, 5 л 5905807001395",https://images2.exist.ua/media/images/products/3659/41396467/4693395.jpg
W4044,Turtle wax,"Омивач скла, зимовий -35°C ""Рідке полум'я"", 4 л W4044",https://images2.exist.ua/media/images/products/2018/09/4980544_57076381.jpg
SCH20C51,Molder,Омивач скла зимовий molder lemon лимон -20 ° c sch-20c-51 SCH20C51,https://images2.exist.ua/media/images/products/2018/10/5013767_59814783.jpg
17772,Glint,"Рідина для омивача скла, зимова -20°C, аромат море, 1 л 17772",https://images2.exist.ua/media/images/products/2019/09/7123802_63035779.jpg
KR337,Kerry,"Рідина омивача скла літня, суперконцентрат ""Лісові ягоди"", 0,27 л KR337",https://images2.exist.ua/media/images/products/2021/05/2021-27-05_11-01-00_8805389.jpg
2324051,Sonax,"Набір 1 + 1! Sonax (232405) -20 ° C, 4 л + Sapfire (999317) -20 ° C, аромат морський бриз, 1 л 2324051",https://images2.exist.ua/media/images/products/2019/03/5353853_61367531.jpg
9901331,Sheron,"Набір 1 + 1! Sheron (990133) -22 ° C, 4 л + Sapfire (999317) -20 ° C, аромат морський бриз, 1 л 9901331",https://images2.exist.ua/media/images/products/2019/03/5353857_61367533.jpg
WIN54,Winter,Омивач скла Winter 5 л -20 ° C Ананас WIN54,https://images2.exist.ua/media/images/products/2020/03/7667473_59813316.jpg
QT00024,QT-oil,"Рідина омивача літня, антимошка, Melon, 4 л QT00024",https://images2.exist.ua/media/images/products/2021/06/2021-08-06_12-30-34_8808858.jpg
PL001,Turtle wax,"Омивач скла, зимовий -80°C, 1л PL001",https://images2.exist.ua/media/images/products/2021/11/2021-16-11_15-01-12_9454288.jpg
17771,Glint,"Рідина для омивача скла, зимова -20°C, аромат лайм, 1 л 17771",https://images2.exist.ua/media/images/products/2019/09/7123801_63035778.jpg
5905807003054,Organika,"Омивач скла, зимовий Adixol A -50°C, концентрат, 5 л 5905807003054",https://images2.exist.ua/media/images/products/3659/41396732/4693398.jpg
SKC20001,Hepu,"Рідина омивача скла, зимова -20°C, 1 л SKC20001",https://images2.exist.ua/media/images/products/3088/22413896/3859098.jpg
W77396,Wynn's,"Омивач скла, зимовий -70°C, концентрат, 5 л W77396",https://images2.exist.ua/media/images/products/4342/19369234/4058668.jpg
XB50001,Xado,"Омивач скла, зимовий, -32°C, 2 л XB50001",https://images2.exist.ua/media/images/products/2022/06/2022-07-06_14-00-12_4980511.jpg
XB50012,Xado,"Омивач скла, літній, 5 л XB50012",https://images2.exist.ua/media/images/products/2022/05/2022-30-05_19-00-19_13314882.jpg
WIN52,Winter,Омивач скла Winter 5 л -20 ° C Лимон WIN52,https://images2.exist.ua/media/images/products/2020/03/7667472_59813315.jpg
17773,Glint,"Рідина для омивача скла, зимова -20°C, аромат зелене яблуко, 4 л 17773",https://images2.exist.ua/media/images/products/2019/09/7123803_63035780.jpg
17780,Glint,"Рідина для омивача скла, зимова -20°C, аромат лайм, 3 л 17780",https://images2.exist.ua/media/images/products/2019/09/7123808_63035787.jpg
PL002,Turtle wax,"Омивач скла, зимовий -80°C, 4 л PL002",https://images2.exist.ua/media/images/products/2021/11/2021-16-11_15-01-13_9454289.jpg
FL109,Fill inn,"Ароматизированный концентрат стеклоомывателя в таблетке (яблоко), 1 шт FL109",https://images2.exist.ua/media/images/products/2889/41441484/3859097.jpg
3324001,Sonax,"Набір 1 + 1! Sonax (332400) -20 ° C, 4 л + Sapfire (999317) -20 ° C, аромат морський бриз, 1 3324001",https://images2.exist.ua/media/images/products/2019/03/5353855_61367534.jpg
151000115,MLux,"Рідина омивача скла Кристалл, зимова, аромат диня -20°C, 5 л 151000115",https://images2.exist.ua/media/images/products/2019/12/7321635_62809389_68XWkHN.jpg
803001,Eurolub,"Рідина омивача скла, зимова, концентрат -70°C, 1 л 803001",https://images2.exist.ua/media/images/products/2832/22504187/3859092.jpg
22691,Glint,"Рідина омивача скла, зимова -20°C, аромат Bubble gum, 3 л 22691",https://images2.exist.ua/media/images/products/2019/11/7228598_63216289_GsuRg36.jpg
QT00025,QT-oil,"Рідина омивача літня, антимошка, Melon, 5 л QT00025",https://images2.exist.ua/media/images/products/2021/06/2021-08-06_12-30-33_8808856.jpg
151000011,MLux,"Рідина омивача скла, зимова, концентрат -80°C, 1 л 151000011",https://images2.exist.ua/media/images/products/2018/12/5353280_61358121.jpg
151000015,MLux,"Рідина омивача скла, зимова, концентрат -80°C, 5 л 151000015",https://images2.exist.ua/media/images/products/2018/12/5353282_61358123.jpg
XB50812,Xado,"Омивач скла, літній, 1 л XB50812",https://images2.exist.ua/media/images/products/2022/06/2022-07-06_14-00-12_4980319.jpg
KR338,Kerry,"Рідина омивача скла літня, суперконцентрат, ""Лимон"", 0,27 л KR338",https://images2.exist.ua/media/images/products/2021/05/2021-27-05_11-01-00_8805390.jpg
XB50004,Xado,"Омивач скла, зимовий -22°С, 3 л XB50004",https://images2.exist.ua/media/images/products/2022/05/2022-30-05_19-00-21_13314888.jpg
ADACVASL4,DAC Luxury Quality,"Рідина омивача скла, літня, 4 л ADACVASL4",https://images2.exist.ua/media/images/products/4961/56842898/3675804.jpg
7711238964,Renault,"Омивач скла, літній -4°С, 1 л 7711238964",https://images2.exist.ua/media/images/products/2022/06/2022-02-06_18-00-14_5368228.jpg
KR336,Kerry,"Рідина омивача скла літня, суперконцентрат без запаху, 0,27 л KR336",https://images2.exist.ua/media/images/products/2021/05/2021-27-05_11-01-00_8805388.jpg
009515,Sapfire,"Омивач скла, літній ""Antimosquito"", 1 л 009515",https://images2.exist.ua/media/images/products/2021/02/45_8493726.jpg
5905807003047,Organika,"Омивач скла, зимовий Adixol A -50°C, концентрат, 1 л 5905807003047",https://images2.exist.ua/media/images/products/3659/41396723/4693397.jpg
 , , , 
 , , , 
 , , , 
22692,Glint,"Рідина омивача скла, зимова -20°C, аромат Bubble gum, 4 л 22692",https://images2.exist.ua/media/images/products/2019/11/7228597_63216290.jpg
 , , , 
 , , , 
 , , , 
 , , , 
 , , , 
 , , , 
 , , , 
 , , , 
 , , , 
 , , , 
 , , , 
 , , , 
 , , , 
 , , , 
 , , , 
 , , , 
 , , , 
 , , , 
 , , , 
 , , , 
 , , , 
 , , , 
 , , , 
 , , , 
 , , , 
 , , , 
 , , , 
 , , , 
 , , , 
 , , , 
 , , , 
 , , , 
 , , , 
 , , , 
 , , , 
 , , , 
 , , , 
 , , , 
 , , , 
 , , , 
 , , , 
 , , , 
 , , , 
 , , , 
 , , , 
 , , , 
 , , , 
 , , , 
 , , , 
 , , , 
 , , , 
 , , , 
 , , , 
 , , , 
 , , , 
 , , , 
 , , , 
 , , , 
 , , , 
 , , , 
 , , , 
 , , , 
 , , , 
 , , , 
 , , , 
 , , , 
 , , , 
 , , , 
 , , , 
 , , , 
 , , , 
 , , , 
 , , , 
 , , , 
 , , , 
 , , , 
 , , , 
 , , , 
 , , , 
 , , , 
XTSCREENWASH303L,Xt,"Омивач скла, зимовий -30°C, 3 л XTSCREENWASH303L",https://images2.exist.ua/media/images/products/2022/05/2022-31-05_11-00-21_13314967.jpg
1201000015NEW,4max,"Омивач скла, зимовий -20°С , 20 л 1201000015NEW",https://images2.exist.ua/media/images/products/2022/05/2022-26-05_17-30-15_13314045.jpg
9000063,Megazone,"Рідина омивача скла MegaZone Classic зимовий -20 4л, Литва синій, Каністра 9000063",https://images2.exist.ua/media/images/products/2020/11/45__VFPbvLI.jpg
M33,Winter,Омивач скла Winter 3 л -20 ° C Лимон M33,https://images2.exist.ua/media/images/products/2020/03/7668133_59815165.jpg
142010000101000,Ravenol,"Омивач скла, зимовий, концентрат ""Цитрус"", 1 л 142010000101000",https://images2.exist.ua/media/images/products/2018/09/2823196_5893238.jpg
142010500106000,Ravenol,"Омивач лобового скла RAVENOL SCHEIBENFROSTSCHUTZ, зимовий -30C, 1л 142010500106000",https://images2.exist.ua/media/images/products/2022/08/2022-17-08_17-00-24_13787330.jpg
04210,Kroon oil,"Омивач скла, концентрат, 1 л 04210",https://images2.exist.ua/media/images/products/2022/05/2022-27-05_16-00-20_13314590.jpg
136008020801000,Ravenol,"Омивач лобового скла RAVENOL SOMMER-SCHEIBENREINIGER, літній концентрат 1:10, 208л 136008020801000",https://images2.exist.ua/media/images/products/2022/08/2022-17-08_17-00-40_13787201.jpg
M35,Winter,Омивач скла Winter 3 л -20 ° C Ананас M35,https://images2.exist.ua/media/images/products/2020/03/7668128_59815156.jpg
9000063,Megazone,"Рідина омивача скла MegaZone Classic зимовий -20 4л, Литва синій, Каністра 9000063",https://images2.exist.ua/media/images/products/2020/11/45__VFPbvLI.jpg
AS35E,Shell,"Омивач скла, літній, 1 л AS35E",https://images2.exist.ua/media/images/products/2022/05/2022-10-05_18-30-12_13294581.jpg
4820160470187,O S M,"Омыватель стекол ""–21 °C"", 4 л 4820160470187",https://images2.exist.ua/media/images/products/3634/41334396/4693400.jpg
4820095200156,Akvilon,"Омивач скла, зимовий ""Лимон"" -20°C, 1 л 4820095200156",https://images2.exist.ua/media/images/products/2022/05/2022-31-05_11-30-16_13314975.jpg
XSW5L,Comma,Автозапчастина XSW5L,https://images2.exist.ua/media/images/products/2625/59012932/3859090.jpg
T9902040,Toko,"Омивач скла, зимовий -20°С ""Морська свіжість"", 4 л T9902040",https://images2.exist.ua/media/images/products/2019/07/6966934_62931571.jpg
1201000025NEW,4max,"Омивач скла, зимовий -25°С , 4 л 1201000025NEW",https://images2.exist.ua/media/images/products/2022/05/2022-31-05_12-00-21_13314979.jpg
CH003,Chemipro,Рідина омивача скла CH003,https://images2.exist.ua/media/images/products/2020/11/45__wr1pEKt.jpg
9000009,Megazone,Рідина омивача скла 9000009,https://images2.exist.ua/media/images/products/2020/11/45__lYkubeR.jpg
 , , , 
 , , , 
 , , , 
 , , , 
 , , , 
 , , , 
 , , , 
 , , , 
 , , , 
 , , , 
 , , , 
 , , , 
 , , , 
 , , , 
 , , , 
 , , , 
 , , , 
 , , , 
 , , , 
 , , , 
 , , , 
 , , , 
 , , , 
 , , , 
 , , , 
 , , , 
 , , , 
 , , , 
 , , , 
 , , , 
 , , , 
 , , , 
 , , , 
 , , , 
 , , , 
 , , , 
 , , , 
 , , , 
 , , , 
 , , , 
 , , , 
 , , , 
 , , , 
 , , , 
 , , , 
 , , , 
 , , , 
 , , , 
 , , , 
 , , , 
 , , , 
 , , , 
 , , , 
 , , , 
 , , , 
 , , , 
 , , , 
 , , , 
 , , , 
B1354,Bizol,"Омивач скла, літній ""Літня свіжість"", 4 л B1354",https://images2.exist.ua/media/images/products/2022/05/2022-27-05_13-30-17_13314132.jpg
 , , , 
 , , , 
 , , , 
 , , , 
 , , , 
CH051,Chemipro,Рідина омивача скла CH051,https://images2.exist.ua/media/images/products/2021/10/2021-18-10_10-01-20_9361358.jpg
SW3,Shafer,"Омивач скла, зимовий, 4 л SW3",https://images2.exist.ua/media/images/products/2022/01/2022-04-01_16-35-21_9575978.jpg
CR619408,POLCAR,Омивач скла CR619408,
XSW1L,Comma,Автозапчастина XSW1L,https://images2.exist.ua/media/images/products/2625/18811489/3859089.jpg
1271,Bizol,"Омивач скла, зимовий -25°C ""Цейлонська кориця"", 4 л 1271",https://images2.exist.ua/media/images/products/2022/05/2022-31-05_12-30-14_13315011.jpg
1606278580,Citroen/Peugeot,"Омивач скла, літній -4°C, 4 л 1606278580",https://images2.exist.ua/media/images/products/2022/05/2022-27-05_14-30-28_13314345.jpg
